{
  "train_loss": [
    17.4012767918161,
    12.953831594589857,
    10.630021025748745,
    8.97121100267704,
    7.8005912974099205,
    6.940947928344994,
    6.290099655210856,
    5.78626524021751,
    5.35765169052585,
    4.959724854214614,
    4.703768672998885,
    4.353407086359362,
    4.207788655074716,
    3.993596291681479,
    3.821325308769999,
    3.671152347802651,
    3.4672771595142504,
    3.330291305787382,
    3.199684185173079,
    3.092536414854708,
    2.9695280375768798,
    2.885062930690847,
    2.7394541610751237,
    2.677782682879859,
    2.583606222684388,
    2.5013296542576646,
    2.406000831926543,
    2.3923530967147264,
    2.2646171053018254,
    2.2467032015672204,
    2.1339300877401937,
    2.09147592264774,
    2.028885469311162,
    1.980404361205259,
    1.9515660165346156,
    1.9119871298007334,
    1.8393017993103458,
    1.8033958045130352,
    1.7642787680291292,
    1.695049439582676,
    1.7017899905729015,
    1.655034253704153,
    1.6409088039258768,
    1.6256460823510823
  ],
  "val_loss": [
    1.0621277238172362,
    0.9207758106452992,
    0.9393778311987353,
    0.6920309153281289,
    0.6466543678355983,
    0.7800353649064575,
    0.8318086498057803,
    0.9910357096364631,
    0.8263849621539149,
    1.2844494939552393,
    0.7920805311055142,
    1.0974505512733386,
    1.1229037803371136,
    1.7634628212195238,
    1.0482246621001903,
    1.1654765659894197,
    1.3278294538496314,
    1.4039122956506458,
    1.4071381266370437,
    1.2484550202412699,
    1.1304320662908893,
    1.6925668172917845,
    1.2378670732234274,
    1.3205742478297398,
    1.255694662853578,
    1.729209602218073,
    1.748304420950975,
    1.8893180688961664,
    1.636005959981021,
    1.8961635619984682,
    2.175743570332208,
    1.566052387220023,
    1.7357527662494638,
    2.345135151480698,
    2.023849829973024,
    1.7387510304143203,
    2.2272172951124896,
    2.031178377543669,
    2.2043888418883033,
    2.2259010685321683,
    2.310758004247762,
    2.2890956909909757,
    2.3015078423701913,
    2.5311253008945362
  ],
  "train_f1": [
    0.36794396720312755,
    0.456448188389735,
    0.49318391921716775,
    0.5257482363298707,
    0.5607671767200346,
    0.587757905530997,
    0.6224046159385308,
    0.6530760954128996,
    0.7082107723750555,
    0.7523562888071659,
    0.7874060583020706,
    0.8076712579267642,
    0.8155612138980259,
    0.8282447611118785,
    0.8347448951086797,
    0.8408276775925762,
    0.8452274484386049,
    0.8506664328764291,
    0.8532928931856718,
    0.8589745701901419,
    0.8621548690151435,
    0.865520683064443,
    0.8682282238515855,
    0.8716860455837215,
    0.8737836322959953,
    0.8761630619706207,
    0.8780206579939771,
    0.8804963308381029,
    0.8825885562404073,
    0.883528929706066,
    0.8871220256410416,
    0.8890322123274397,
    0.8901407634953176,
    0.8914931632728329,
    0.8930426002369124,
    0.8940556243573223,
    0.8953395924815283,
    0.8967577862013922,
    0.8978801979609946,
    0.8995933235811642,
    0.9007006769836241,
    0.901234052365392,
    0.9015552791189393,
    0.903044207891466
  ],
  "val_f1": [
    0.179916635088941,
    0.17540162630461476,
    0.2072096474434053,
    0.24837993038585365,
    0.2989405493082721,
    0.22590507967519136,
    0.35664633202501583,
    0.35103444635726855,
    0.3638952476549263,
    0.38323594847883147,
    0.36879378784814804,
    0.37077469809197644,
    0.38789971244930094,
    0.37256710876859844,
    0.36770673376382,
    0.385745178012223,
    0.37280887510858446,
    0.3854988325764829,
    0.38466403261519877,
    0.38650228188942093,
    0.3613062737260454,
    0.38669066942613634,
    0.3780648053345873,
    0.39284627232237845,
    0.3592747428513124,
    0.3802198467040917,
    0.3716130001471313,
    0.3773765335614895,
    0.36160435014436515,
    0.3713869326856374,
    0.37219542214385815,
    0.3800841120937745,
    0.3656659235486087,
    0.3661645124237916,
    0.3718808019169386,
    0.3648471559097173,
    0.37235961950898105,
    0.37155935680578484,
    0.36944066042653934,
    0.36020682990945946,
    0.36938745811163826,
    0.37041456840575754,
    0.3692708291770108,
    0.370636361855476
  ]
}