{
  "train_loss": [
    0.8871350511298542,
    0.7239393367303162,
    0.6795843857581969,
    0.6491190059027012,
    0.6393800058516494,
    0.6257191943306091,
    0.6066118844928217,
    0.5967393303976247,
    0.5929391715842613,
    0.5806799470630364,
    0.574564790320501,
    0.5731473672732014,
    0.5606600254559871,
    0.5543244629339488,
    0.5372352139178308,
    0.5457134688196824,
    0.5257235203508368,
    0.5242596141202466,
    0.5162282152958287,
    0.5146675885595077,
    0.4954128764330121,
    0.49825347690873906,
    0.49534547495407,
    0.48170235111608695,
    0.46785439694623443,
    0.46887385898231587,
    0.4590495404182819,
    0.4452076327883535,
    0.4402903882828387,
    0.4344133294149362,
    0.43008295770400506,
    0.4242409462808154,
    0.4251625009204241,
    0.41010921147904317,
    0.40520686192853744
  ],
  "val_loss": [
    0.16620981801556908,
    0.11317577703771584,
    0.1028382173275731,
    0.09159501479834185,
    0.08728107344636958,
    0.0792077209945719,
    0.06523825776023343,
    0.07468227802001007,
    0.07902691286615884,
    0.0672276192612964,
    0.10247976675935992,
    0.0602368880776974,
    0.08243893006270422,
    0.06781416181803941,
    0.07150672042384773,
    0.08977220419959084,
    0.059655023834175785,
    0.07057910030035704,
    0.07065748068010688,
    0.06472740466020037,
    0.07603430545785232,
    0.08209421878950159,
    0.06645587597564667,
    0.07626482665044651,
    0.07162014671500633,
    0.07367816846081329,
    0.07883528153388444,
    0.07995766485014048,
    0.07464874209713367,
    0.06979404107971932,
    0.08494969161446349,
    0.07096800814543625,
    0.08434237775536922,
    0.09657236516680928,
    0.08897532497383268
  ],
  "train_f1": [
    0.3647527257823665,
    0.4414268190501588,
    0.48579946790087636,
    0.4917934634262561,
    0.5176193514036569,
    0.5248964952769011,
    0.5436083857343361,
    0.5497752883747145,
    0.5599886164495711,
    0.5607122185703638,
    0.5590512287034577,
    0.5629921185931885,
    0.5839349406435799,
    0.5865885252190435,
    0.5809143459060382,
    0.6001241188784446,
    0.5940875226417962,
    0.5966176565360746,
    0.6018784907569815,
    0.5977236327444254,
    0.618200110842902,
    0.6231097653787545,
    0.6049287134255789,
    0.6253436549478274,
    0.6344101429055715,
    0.6283026827759477,
    0.6270721391598347,
    0.6312700499468564,
    0.644597123708196,
    0.646791348454887,
    0.6404385259295269,
    0.6398138063379115,
    0.6494907951276574,
    0.649849898115703,
    0.6532351156928238
  ],
  "val_f1": [
    0.5160300840050065,
    0.5469198901451601,
    0.575165887010359,
    0.5902620397584579,
    0.6790980341761721,
    0.6637031798166146,
    0.6732062642079224,
    0.6893489196305327,
    0.7108546320423252,
    0.7041322772809757,
    0.6471290969344341,
    0.7002498375184985,
    0.7015860671426912,
    0.709528987989503,
    0.7245441496001228,
    0.6947016822077113,
    0.6920844045325787,
    0.6970847745241128,
    0.6999835980851229,
    0.7013723752141783,
    0.6898129700799981,
    0.6899612433831896,
    0.7098004034741817,
    0.7028571813798594,
    0.702699017078928,
    0.6911635147898496,
    0.7004124436536217,
    0.705807079877087,
    0.6978035675374917,
    0.7101774670551929,
    0.6809850802915675,
    0.7229929091401033,
    0.6869810496454206,
    0.6930986835322717,
    0.6886880847418045
  ]
}