{
  "train_loss": [
    0.9139007785137866,
    0.8270328395228405,
    0.7937917950790063,
    0.7631704327234632,
    0.7576935478629541,
    0.7514981798871219,
    0.7489643561982389,
    0.738977912318172,
    0.7257057626475716,
    0.7257362460735713,
    0.7252780785991086,
    0.7165557823029527,
    0.7093270101568155,
    0.6908348386617084,
    0.7034720160234103,
    0.6866427452185465,
    0.6836414721393214,
    0.6909199814067075,
    0.6842432787928723,
    0.6871991549783748,
    0.6868441089958708,
    0.6688212616242047,
    0.6719205376044003,
    0.6529886984104766,
    0.6535810791391726,
    0.6479769531426839,
    0.6462362273082457,
    0.6450398703154765,
    0.6583538780936546,
    0.6224551312654455,
    0.6393443370720855,
    0.6484697591891008,
    0.609228758397739,
    0.6275730361969557,
    0.621109422273411,
    0.6080905085520322,
    0.6047619923230326,
    0.610703869118967,
    0.624544069822333,
    0.616816354466722,
    0.5984665761166207,
    0.5987025657748589,
    0.6024305728418465,
    0.6058221386807298
  ],
  "val_loss": [
    0.37521624259140735,
    0.28362341434111776,
    0.32108979499300255,
    0.12841259320740758,
    0.12262201935164817,
    0.15465370587419985,
    0.13435188915350402,
    0.12163127956286894,
    0.1593542325097402,
    0.13407693007099558,
    0.17236666358037167,
    0.09512257301567344,
    0.11083489568291453,
    0.10926813995294608,
    0.12205428512541901,
    0.23522515689490833,
    0.13815819470208754,
    0.09333753311457167,
    0.08609421981050817,
    0.11925179450778534,
    0.12784897073332177,
    0.09846715005783237,
    0.16837470780728456,
    0.09628109003491823,
    0.09661291745834935,
    0.1436327840504742,
    0.08345016297178408,
    0.42488114168876795,
    0.07699503798235227,
    0.08397876421138893,
    0.09500299459995735,
    0.08273172468990274,
    0.43855559444039416,
    0.08497814569817211,
    0.07800233624698688,
    0.10998742200297386,
    0.09007895359876744,
    0.13530534624008583,
    0.10309451971691294,
    0.4996727810634645,
    0.09534692281479318,
    0.09391512678164946,
    0.08941660038714852,
    0.12071668765723755
  ],
  "train_f1": [
    0.42826039027652574,
    0.43754301095327985,
    0.44280349163114946,
    0.45254284937281375,
    0.45693919063360094,
    0.4754094149956142,
    0.481903621508744,
    0.48703707147795133,
    0.4816284016311716,
    0.4967035084300388,
    0.4841820221271611,
    0.4976020613441768,
    0.5081692850688498,
    0.5058976114657462,
    0.501643126956496,
    0.5089857110161712,
    0.5186373603104073,
    0.5137302570022538,
    0.5259796354466905,
    0.5327488764599769,
    0.520525441950077,
    0.5247112608065538,
    0.524892862739754,
    0.5294910183849549,
    0.544744885335605,
    0.541939134136317,
    0.5356334081598771,
    0.5427148794318856,
    0.5539406243072719,
    0.5605559824608338,
    0.5514788166944609,
    0.5555605993574924,
    0.5806832483262181,
    0.5717595124361081,
    0.5722025638853475,
    0.5718563313872401,
    0.5752664187131311,
    0.5842790811187183,
    0.580250774662905,
    0.580546859820415,
    0.5847821180601385,
    0.5853092611327955,
    0.5897343357570695,
    0.5867108918051473
  ],
  "val_f1": [
    0.5197671333009816,
    0.4586268869118039,
    0.5720607638865405,
    0.6055398981506537,
    0.5865341861151843,
    0.5606989705291718,
    0.606496662535873,
    0.6274316551245898,
    0.5747703647547192,
    0.567914201340466,
    0.5829443138305872,
    0.6286594983251617,
    0.6124998987297994,
    0.5932857150469346,
    0.6143884399460385,
    0.6400319845489626,
    0.6230400790800003,
    0.628658232364397,
    0.6377313099418689,
    0.5993711865861063,
    0.6062370903423806,
    0.6132881526877807,
    0.6699037523101724,
    0.7030865305447405,
    0.6489367269950753,
    0.6578436324908424,
    0.6680749885520761,
    0.6563941003138852,
    0.6790448789525669,
    0.6544749415406249,
    0.6705480061021047,
    0.6719354661922389,
    0.6152999765927264,
    0.6572219237964138,
    0.6963235276394668,
    0.6358048076774461,
    0.6603013569576192,
    0.640619753938797,
    0.6538636746307437,
    0.6222902550463811,
    0.6632329207797011,
    0.6882415608352446,
    0.6747072266560606,
    0.647970803582596
  ]
}