{
  "train_loss": [
    0.9225021503735007,
    0.8178090869262088,
    0.7961801030380801,
    0.7714021906474529,
    0.7556022530541434,
    0.7359521132725024,
    0.7396314083556799,
    0.7240283798201275,
    0.720351154746426,
    0.7027280523094982,
    0.7082912507054866,
    0.6907757185385008,
    0.6832326774360143,
    0.6661800288607967,
    0.6811430985750685,
    0.6626617980739701,
    0.6524115136695652,
    0.650551984439555,
    0.6449224825476462,
    0.6246108384530621,
    0.6381059863551958,
    0.6321830683567545,
    0.6187510547415148,
    0.6062516703769623,
    0.6127564467286389,
    0.603661021648327,
    0.6041350529019015,
    0.587480681327119,
    0.5963292248859333,
    0.5859922887270882,
    0.5917148872934006,
    0.573432580791196,
    0.5663759879486501,
    0.5628563494274491,
    0.5617039536247592,
    0.5511727556775071,
    0.5577484186571708,
    0.5623379524379649,
    0.5503262719676828,
    0.5564189200767009,
    0.544717490324137,
    0.5375129470195018,
    0.5388014709606012,
    0.5394995256143733,
    0.538217479650287
  ],
  "val_loss": [
    0.5738414601113442,
    0.1485993747066128,
    0.2144278648351389,
    0.09464404294867837,
    0.14166544202422857,
    0.21835606377291958,
    0.6699426329145846,
    0.09342525531856564,
    0.175619472066976,
    0.11777088532413983,
    0.20294552464317997,
    0.1351905975099,
    0.07886478458710003,
    0.8941713156231457,
    0.10427019627977051,
    0.8608745187396597,
    0.5546586837911844,
    0.08802933136284202,
    0.0964663179143517,
    0.10663188223802893,
    0.5206587090528568,
    0.113967359252585,
    0.5921033067949029,
    0.10472920663710777,
    0.19092365581921625,
    0.3614111607008068,
    0.08076671034778672,
    1.4304525586955237,
    0.06933960721063084,
    0.06923748816822956,
    0.09830991397510735,
    0.16350848113928296,
    1.5687882119450773,
    0.08377903540780417,
    0.07697872449146376,
    0.1859514909315985,
    0.15628289931355813,
    0.8699152202645506,
    0.10658203509444983,
    1.610749990121152,
    0.17373657665636782,
    0.948323321390356,
    0.1752378598060801,
    0.18617997937003938,
    0.08558463985982735
  ],
  "train_f1": [
    0.42295211755207873,
    0.43782658663184426,
    0.44860847686859884,
    0.45750228967472284,
    0.45494466530722055,
    0.4621185050466511,
    0.46757772172327244,
    0.47415535423130245,
    0.4696576904025759,
    0.48383206188733296,
    0.47581400525295,
    0.4895938162945928,
    0.5022270194146251,
    0.4988460780026294,
    0.5004887102947251,
    0.5140494335996738,
    0.5188893320339173,
    0.5288533485837463,
    0.5405782983462403,
    0.5490065265839107,
    0.5421665142095766,
    0.5413344673779159,
    0.548912551976675,
    0.5510519158938262,
    0.5584236953474777,
    0.560901890473302,
    0.5650505967839828,
    0.564505892678363,
    0.5713483528547091,
    0.583925620799018,
    0.5737134608745244,
    0.5709041186269129,
    0.590062897755258,
    0.5972716950666674,
    0.5950446614229579,
    0.5956314842555562,
    0.6038359976648391,
    0.6037740492268451,
    0.5992357952974422,
    0.6108589519321489,
    0.6059831809958457,
    0.6179250711322364,
    0.6140298252586917,
    0.6109325483793634,
    0.6154144867271665
  ],
  "val_f1": [
    0.4316233186762274,
    0.5656003319680143,
    0.5883331650816499,
    0.6028797947952688,
    0.5893574047784279,
    0.550103259603411,
    0.6300156513793651,
    0.612934785279576,
    0.5959733467743018,
    0.6106547973070284,
    0.5727461497718916,
    0.6001289867843294,
    0.6429963987180917,
    0.42005371968446054,
    0.6066819317766577,
    0.3293449749389391,
    0.6417196201869398,
    0.6812451981023024,
    0.6509254858960261,
    0.6514327967662089,
    0.5971619424588154,
    0.6336765520743632,
    0.6358181451477594,
    0.7179842985740402,
    0.651486920693296,
    0.6543658328304776,
    0.7200614036341579,
    0.36255162463213725,
    0.7306782998875001,
    0.7000965766270488,
    0.6823520298678577,
    0.6494353554458285,
    0.319048247400403,
    0.7026225846256293,
    0.7523683418781515,
    0.6968989973137113,
    0.6598043116983258,
    0.3337687338278283,
    0.6701836850297127,
    0.34860317610383695,
    0.6950942888798946,
    0.34607921085132043,
    0.6654330225105511,
    0.6678263007049784,
    0.6854440858920176
  ]
}