{
  "train_loss": [
    21.976158273708055,
    15.955139241952878,
    12.527922670650668,
    9.785057410487422,
    7.732416740216707,
    6.195977886750219,
    5.341135828955132,
    4.666273566342701,
    4.151649703802886,
    3.6545056551752966,
    3.38132353284438,
    2.970304398090519,
    2.7690473124762494,
    2.5698225745913112,
    2.4370774415269,
    2.2787198255401373,
    2.124095078820606,
    2.082854913154773,
    1.933826329821964,
    1.8579058280929952,
    1.790413150580538,
    1.6974454557918899,
    1.632704471391544,
    1.5928861736321775,
    1.5688152797970392,
    1.513910965415237,
    1.4518711943724003,
    1.3705739192562958
  ],
  "val_loss": [
    0.6458619568842981,
    0.6212860121984121,
    0.6404176342742476,
    0.6923219009418707,
    0.7189974733218168,
    0.819512482148906,
    0.9648098366271198,
    0.9723073034044409,
    1.0141384592832652,
    1.1420679615219544,
    1.4493654544289494,
    1.3089684141756244,
    1.3936136688582395,
    1.4381838060629872,
    1.404689321945349,
    1.5535897996708175,
    1.6014960447361786,
    1.563436509081626,
    1.580426885523945,
    1.6867646375136403,
    1.6598089939010532,
    1.7145804578312724,
    1.567546863700741,
    1.7996032650363487,
    1.6888636265366506,
    1.718679998392137,
    1.8800370593837727,
    2.027128595095457
  ],
  "train_f1": [
    0.37233330380204205,
    0.6161635538738551,
    0.6862964697379254,
    0.7316058156830477,
    0.7663715334896064,
    0.7899648111471079,
    0.809418996922834,
    0.8238911713068292,
    0.8349189606679964,
    0.8486088086384658,
    0.8583762373948476,
    0.866925995217942,
    0.8742812593154333,
    0.8803788960389924,
    0.8846135203222598,
    0.8898979703509216,
    0.8945744325193656,
    0.8969232518564845,
    0.9008142041660727,
    0.9039973831354304,
    0.9068240128006634,
    0.909138460867705,
    0.9109895703620496,
    0.9146115137521333,
    0.9160579454429975,
    0.918561160286141,
    0.9205302923081291,
    0.9213667582996365
  ],
  "val_f1": [
    0.28526604414861406,
    0.30630253052424405,
    0.32638291538306224,
    0.3838787061231869,
    0.3935323364557171,
    0.37021236837643523,
    0.3988760992453949,
    0.41601097905360385,
    0.3866275732414231,
    0.3713834692897918,
    0.38513510470938545,
    0.3906642018933851,
    0.377565003584169,
    0.37129726958538706,
    0.3716558073909081,
    0.36980510147269324,
    0.3746640298150669,
    0.3586080549073435,
    0.3639053152699313,
    0.37668535223458105,
    0.3301060881228716,
    0.360899408618207,
    0.36538914003983125,
    0.33665309119001274,
    0.35378425561835014,
    0.3327607638897748,
    0.32978381221062525,
    0.3289641577467593
  ]
}