{
  "train_loss": [
    0.870249382373069,
    0.7701411383368119,
    0.7525545035436255,
    0.7352487426461765,
    0.7130139965033903,
    0.7157289802723112,
    0.6951972201009069,
    0.7035857624869947,
    0.6766804149581327,
    0.6863480574257135,
    0.6730699990678136,
    0.679607157138327,
    0.6599689673407269,
    0.6508620104623585,
    0.6548249540193329,
    0.6459559711411624,
    0.6410424597038512,
    0.6308807833770156,
    0.6422729249578877,
    0.6237371217147184,
    0.5991740573517121,
    0.6144996030579302,
    0.5909464866525656,
    0.5781054220098791,
    0.5869049932364716,
    0.5805118632718892,
    0.5478638693131144,
    0.5485489080663676,
    0.5271177272876946,
    0.5407605134005173,
    0.5225356377559564,
    0.5127188830213444,
    0.5047671408855428,
    0.48620269440230685,
    0.4755863419681294,
    0.4899863883428145
  ],
  "val_loss": [
    0.13431216607215313,
    0.5131357437332404,
    0.10188779727090022,
    0.15631419049450582,
    0.11328991256389265,
    0.10592406881874185,
    1.2933790232979994,
    0.0976551632377086,
    0.11366393070852368,
    0.10096024876688617,
    0.268302747547527,
    1.0932962488949,
    0.10196727653710225,
    0.17179139650952507,
    0.6223262488991271,
    0.2707406234039687,
    0.15272071483375532,
    0.1016162830250276,
    0.14246251149892675,
    0.10090177308630337,
    0.10103463883939137,
    0.10481944242264583,
    0.12398475612018518,
    0.1295852690099581,
    0.13417786321860298,
    0.09051188400665838,
    0.11242959694248729,
    0.1836560487324288,
    0.16457453479124343,
    0.12410642605197753,
    0.11786666608431548,
    0.11450921893671073,
    0.1173620626276638,
    0.16955985014694386,
    0.11502026638522458,
    0.1483775633815808
  ],
  "train_f1": [
    0.41444968475936383,
    0.4495395207496336,
    0.4543517170716636,
    0.46063668443560496,
    0.4737596948906317,
    0.46553197025095444,
    0.4904197638710011,
    0.501205291168997,
    0.5168646369752795,
    0.5005026264081796,
    0.5136225522109117,
    0.5230953977564505,
    0.5165025396188998,
    0.520049195652448,
    0.5305317872153471,
    0.5343604955650347,
    0.530895361626069,
    0.5385801401960539,
    0.5423645862027284,
    0.5629748413690056,
    0.5694588151270414,
    0.5674121139555457,
    0.565780335472178,
    0.5780798382176782,
    0.5847258437623529,
    0.5968063532906643,
    0.5995301307177279,
    0.600237202508238,
    0.6150497014741034,
    0.6196228462272201,
    0.6221581002943578,
    0.6303127547774168,
    0.6295704574624833,
    0.6390824547820745,
    0.6367064501814215,
    0.6336768326649433
  ],
  "val_f1": [
    0.5641151907413493,
    0.4845758367079984,
    0.6036636702683171,
    0.5771416788883984,
    0.6490934317802031,
    0.6457303932713667,
    0.30890941131462213,
    0.6912023054170545,
    0.6552022122891393,
    0.667293044886932,
    0.6514971036931682,
    0.2957620322523201,
    0.6785076612317177,
    0.539950645448035,
    0.5437839210664084,
    0.5116720901190576,
    0.6045503209086992,
    0.7194006544423851,
    0.6542999574993152,
    0.6042420065086201,
    0.6840712559785029,
    0.7037225268769953,
    0.6157376747264534,
    0.6647289661472922,
    0.6594621694952187,
    0.7324521389556086,
    0.7105068528422331,
    0.6150332911299022,
    0.5578484629368552,
    0.6811673960757391,
    0.6928102306925166,
    0.6941202974577843,
    0.6906033582375011,
    0.6072268949570134,
    0.689951298384097,
    0.6114233516025316
  ]
}