{
  "train_loss": [
    18.394495702672888,
    11.504345890141835,
    7.908466037951018,
    6.098793866527475,
    4.845094207945856,
    4.01992064052158,
    3.4761316702379816,
    3.030210466854289,
    2.7420991642665675,
    2.5391632947773033,
    2.272262928848378,
    2.096690008235954,
    1.9644468918181301,
    1.8906418967665288,
    1.8495412411513152,
    1.7363216256305256,
    1.6493633813909154,
    1.58420754258628,
    1.5012505801449045,
    1.4749307074219162,
    1.4182307003185763,
    1.3952941827025795,
    1.3121459362451096,
    1.3038228409913084,
    1.309650462209365
  ],
  "val_loss": [
    0.8796866776449652,
    0.7409945354238774,
    1.0596508546942263,
    0.936973922439728,
    1.0199775216364004,
    1.1145154487851616,
    1.0353173570266656,
    1.0037390366467507,
    1.1565715752184222,
    1.295180903683539,
    1.2626189507456398,
    1.316525791610305,
    1.466579532114655,
    1.322172188290744,
    1.4223897039122044,
    1.3984593963948977,
    1.583920617286827,
    1.6371108018989904,
    1.6708098583580089,
    1.5005778773191871,
    1.5597227999664278,
    1.511708412752903,
    1.4725259783807607,
    1.6710380215514886,
    1.688670870189567
  ],
  "train_f1": [
    0.3502871956258276,
    0.4785086856955979,
    0.5311391174288309,
    0.5789442679475235,
    0.7009123139078481,
    0.799497758158464,
    0.8365900917461646,
    0.8603921751170219,
    0.8723914743264494,
    0.8827415394246921,
    0.8909579728283228,
    0.8983100578449118,
    0.9030400220802293,
    0.9066333863583548,
    0.908318804218939,
    0.9138504794953475,
    0.9176098090258836,
    0.9185400756412088,
    0.9224476007188909,
    0.9244244811572482,
    0.9268216280070011,
    0.9299164298688345,
    0.9309009508545752,
    0.933039666704796,
    0.9359763530083685
  ],
  "val_f1": [
    0.11378875639459674,
    0.17051888360119238,
    0.18830025128862188,
    0.17942948724133254,
    0.37821424002120213,
    0.35228341473594105,
    0.3650638648814651,
    0.3697523581386213,
    0.37421428969387505,
    0.3569893537776666,
    0.3580002673745602,
    0.3609708818103659,
    0.35447273588558226,
    0.354537877719717,
    0.35691859492785205,
    0.36196894643452715,
    0.3551273383605806,
    0.358718484416279,
    0.35903672025563854,
    0.3574379154974766,
    0.36011781489713857,
    0.35996941747133027,
    0.3592519991872701,
    0.36146920721793824,
    0.3641512096771603
  ]
}