{
  "train_loss": [
    0.8558025045788776,
    0.7137283237400459,
    0.6706656301390475,
    0.6381039050326013,
    0.6349009640282474,
    0.6216678316655911,
    0.6133364368506052,
    0.5986524688374055,
    0.5957400045653561,
    0.5922082808631205,
    0.5691201244155943,
    0.5616944780326348,
    0.5700968667955572,
    0.5685664597876936,
    0.5416247534131736
  ],
  "val_loss": [
    0.08906841786244114,
    0.09495488886188137,
    0.07565495459070515,
    0.08271757759626258,
    0.07266190592808364,
    0.1055301587692252,
    0.08396436011798489,
    0.09106457406125146,
    0.09782469961389502,
    0.09423611537613757,
    0.09992158620181171,
    0.09389267654215945,
    0.08526252777427414,
    0.0716542204531196,
    0.07506813622137258
  ],
  "train_f1": [
    0.39538485343659185,
    0.46811916969408446,
    0.4962526690720825,
    0.5009096162646383,
    0.5300708481232763,
    0.5478380284695417,
    0.5505110317905786,
    0.5614395974314739,
    0.5607497646617845,
    0.5682079152396329,
    0.5634645986933241,
    0.5730885102253261,
    0.572091968769278,
    0.5856277156087426,
    0.5862126891555618
  ],
  "val_f1": [
    0.565671029867951,
    0.582031177873159,
    0.6903342885657565,
    0.703656629025201,
    0.7088479523498484,
    0.6686666686509117,
    0.6466979782023297,
    0.6569543435168673,
    0.6934277344503155,
    0.6616517393139237,
    0.7007911062669365,
    0.7023886823355238,
    0.6523301103537897,
    0.6877896708258691,
    0.6611367520076454
  ]
}