{
  "train_loss": [
    0.83468265245881,
    0.7531874680844431,
    0.7344907763611969,
    0.7243303336130481,
    0.7019164211074976,
    0.6942233247264901,
    0.6843326606960208,
    0.6826698504809515,
    0.6606396164113318,
    0.6652622113421879,
    0.6576616357169596,
    0.655056610484889,
    0.6298077039943453,
    0.6234864521895119,
    0.623973721364553,
    0.6213130234092561,
    0.626942882001705,
    0.6128328896971823,
    0.6096770297002491,
    0.5897945415101524,
    0.5773972820635834,
    0.5734134481032516,
    0.5660589158887199,
    0.5769473709801455,
    0.5631589422779445,
    0.5536985794792122,
    0.5500825641985408,
    0.5266036863117451,
    0.5329917374602564,
    0.5060242607899111,
    0.5159696833878669,
    0.4975863605646914,
    0.4877169200562333,
    0.4851081480793147,
    0.4707148991300058,
    0.4917790975320002,
    0.4490636321009803,
    0.46350604322708083,
    0.4376011471024426
  ],
  "val_loss": [
    0.15731674016069291,
    0.5190616936635891,
    0.12264971532458549,
    0.1523560884149002,
    0.1164001847684034,
    0.12022310452180902,
    0.21765819846190673,
    0.08572245229633653,
    0.11125529737506981,
    0.1376569112303476,
    0.10289426951526601,
    0.16338180147969664,
    0.09261107441203742,
    0.1404303757774145,
    1.0111154061625518,
    0.10814156271350137,
    0.13966686290631286,
    0.09461212007007753,
    0.08772604657719352,
    0.07541920024939186,
    0.08261313106457922,
    0.09279203577704079,
    0.10654960262926547,
    0.09827796282193557,
    0.1496120062261564,
    0.09447449671217377,
    0.10704832419809576,
    1.9076698926123534,
    0.6234220250483248,
    0.11982982324446559,
    0.11221799144346849,
    0.12172411116621022,
    0.12405713541625232,
    0.16241212762455542,
    0.12071708377116262,
    0.14999021802607532,
    0.17794912822431075,
    0.16935127672761263,
    0.2312868386304911
  ],
  "train_f1": [
    0.42511917652705283,
    0.44903860250755656,
    0.4642499080314674,
    0.4622799723859897,
    0.4763184394279074,
    0.4842738171268851,
    0.5090302971773342,
    0.5039053256819795,
    0.5431748544511686,
    0.5352600926154516,
    0.5504560899273527,
    0.5501908437201558,
    0.5559558872973606,
    0.5666040015677718,
    0.5747984304225127,
    0.5797210104389405,
    0.5699378647130788,
    0.5767548790564647,
    0.5838560961276814,
    0.5975076216304058,
    0.6041326170388838,
    0.6023973224226944,
    0.6067884400538521,
    0.5938756916585641,
    0.6082301445068838,
    0.61756887550978,
    0.6199371745748491,
    0.6317447085178791,
    0.6300712221530774,
    0.6320573285764864,
    0.6345039732618,
    0.6417114881870025,
    0.6565183905748414,
    0.6500363914222632,
    0.6595521718784327,
    0.6591875316565556,
    0.6765700620793422,
    0.6753899864359187,
    0.675498761235862
  ],
  "val_f1": [
    0.5801540803525915,
    0.5733031758089367,
    0.6316263099912229,
    0.5712117066923429,
    0.6258156575411228,
    0.592641096763431,
    0.6034759860550476,
    0.7198951591988684,
    0.6614545667767056,
    0.6600997349704119,
    0.6575070644442903,
    0.6416891353559613,
    0.7022846098062007,
    0.6136879041274536,
    0.4124109600701164,
    0.6936643692406979,
    0.6140150906838554,
    0.7043364176152368,
    0.7458846049421394,
    0.6976154377419963,
    0.7198899347898713,
    0.7141034694412861,
    0.7340439857853667,
    0.7293532349918823,
    0.6463986057477283,
    0.7208736648638747,
    0.7310650936062693,
    0.43312114471044455,
    0.5755469296099094,
    0.6848514172336667,
    0.6724113073815379,
    0.7109742270640746,
    0.721265296109513,
    0.6676741871497247,
    0.715152985564265,
    0.6934710538020611,
    0.6682210059987959,
    0.6832187405153111,
    0.6851885626884853
  ]
}