{
  "train_loss": [
    19.363853810405175,
    16.27474113152041,
    14.87831282922399,
    13.619959668388143,
    12.550716536969935,
    11.522637420788145,
    10.742998476753458,
    10.02256215729444,
    9.447663964909188,
    8.911149560173586,
    8.53931568287037,
    8.034287974523057,
    7.658472975048638,
    7.384176516393472,
    7.08085260214629,
    6.817852153926797,
    6.557261491890771,
    6.31843795107122,
    6.153034640845732,
    5.947934707842375,
    5.781547449532075,
    5.619933293065597,
    5.441970703336928,
    5.265011860566762,
    5.233347058156777,
    5.114105101635581,
    5.002935715725547,
    4.851593303122716,
    4.793866345756932,
    4.671877579847042,
    4.60866833216498,
    4.507020294736003,
    4.461291731170744,
    4.402665198848494,
    4.280153823874847,
    4.273479499965616,
    4.186237376010441,
    4.1304226249282125,
    4.093520787724278,
    4.034291447626452,
    3.974542365622567,
    3.958097825970566,
    3.920591785010771,
    3.8417495873936436,
    3.857684253391467
  ],
  "val_loss": [
    1.0162914150545315,
    1.1051423306855217,
    1.177276371416942,
    0.904986018380259,
    0.9155883996036892,
    0.9348989452463956,
    0.6914161417340994,
    0.6881205159082436,
    0.6883102961518928,
    0.7656723114231194,
    0.7241021310770651,
    0.5957744324296862,
    0.6639354899339067,
    0.6632609069098614,
    0.6108789676069616,
    0.6247660411779888,
    0.6247554675291894,
    0.8125969607364355,
    0.57836313335651,
    0.5787075807453943,
    0.6293224453714634,
    0.5912594443532282,
    0.6327708440091157,
    0.6051710326292976,
    0.6310000055260064,
    0.683201880236615,
    0.7494392484257025,
    0.6651297290562629,
    0.6314101723657893,
    0.6545761327433379,
    0.650350361138031,
    0.6375365462672091,
    0.6417890355512884,
    0.7062680288142166,
    0.7618332413275523,
    0.670555225602924,
    0.7202645453834277,
    0.7014254009134824,
    0.7186879798060964,
    0.728980772519235,
    0.7332569998140445,
    0.703504586702124,
    0.6996418313826928,
    0.7591156203669802,
    0.76482671839772
  ],
  "train_f1": [
    0.31076229148447615,
    0.3892915284168878,
    0.42055821145704614,
    0.44822979203951513,
    0.47060794516817495,
    0.49186668285023255,
    0.5081158475408802,
    0.5235261620285027,
    0.5347822280296936,
    0.5497800284107945,
    0.5574174892114454,
    0.572944173035778,
    0.5844298352430602,
    0.5944182237822876,
    0.6059773440727982,
    0.6190274373763849,
    0.6393081308544293,
    0.645426405594679,
    0.6565195381452436,
    0.6789306408501604,
    0.6835516035163666,
    0.6973898656403745,
    0.7128805103412466,
    0.723236845973038,
    0.7339660270707079,
    0.7448072067309457,
    0.7539252180584032,
    0.7560891096035764,
    0.7697622804047722,
    0.7809140775687292,
    0.7839222962498826,
    0.7891961689168356,
    0.7902051193528488,
    0.7933441905399068,
    0.7991144586382836,
    0.8009382832132148,
    0.8064295961389302,
    0.8081325705227773,
    0.8111805895896952,
    0.8132596969915481,
    0.8130980465450655,
    0.817678451630466,
    0.8164581297943381,
    0.8214060928986523,
    0.8211674184308411
  ],
  "val_f1": [
    0.15011735843903393,
    0.17952847960609775,
    0.1575969075782094,
    0.1757692024965632,
    0.1902205835000096,
    0.1774317652082587,
    0.2078905560272045,
    0.196001946849858,
    0.20539583033894848,
    0.17848889671942977,
    0.18518933362766513,
    0.28698518892124253,
    0.2372034196278828,
    0.2648326732599997,
    0.25008223625147086,
    0.26634404841454096,
    0.25899958735651074,
    0.20702862385697615,
    0.3342152306303073,
    0.3360760393904451,
    0.32998460677054786,
    0.3160898311541497,
    0.34480515062112743,
    0.36684308408143723,
    0.3922462806644245,
    0.38837609837712184,
    0.36807444393582794,
    0.3849694877633369,
    0.38959911700109295,
    0.3864906953585948,
    0.39125816963198956,
    0.388378810469128,
    0.38979759336038244,
    0.37628510000656473,
    0.3872241921194214,
    0.3778910098916109,
    0.38669413309593326,
    0.3858838547971065,
    0.3912979427069468,
    0.37822042043180154,
    0.38238203355182004,
    0.38560182365623197,
    0.387521666537066,
    0.38271764362168575,
    0.3836995008652376
  ]
}