{
  "train_loss": [
    0.9169021715139553,
    0.8064593527778315,
    0.7728843534623089,
    0.7656549359288712,
    0.7360500042404813,
    0.7315766259563132,
    0.7208524169570986,
    0.7104252097826836,
    0.7010794093167921,
    0.6959331185867389,
    0.6830877159800214,
    0.6722026087380002,
    0.6666103084707817,
    0.6698334848090687,
    0.6477828808884059,
    0.6289971246378638,
    0.64134544673472,
    0.6405614761770004,
    0.6289820250363378,
    0.6167796818557655,
    0.6096536712688312,
    0.6098262329918076,
    0.6040719128949078,
    0.5985221006012509,
    0.5901005740656897,
    0.6081205052692175,
    0.5825703124866093,
    0.5678487897413051,
    0.5818262713113491,
    0.5591414776309366,
    0.5589067306187999,
    0.5668413968535311,
    0.5603259179403471,
    0.5595650146575554,
    0.542838387454898,
    0.5492806799916757,
    0.5384855335371361,
    0.5422181059884136,
    0.5190214909711166,
    0.5335143210874692,
    0.5191586164481662,
    0.5208067163963008,
    0.5167399130645435,
    0.5188649055023349,
    0.5061938229314692,
    0.49990431166074256,
    0.5029440097637896,
    0.4941154922102714,
    0.5063841741495778,
    0.4892520981871652,
    0.4991681303843478,
    0.4879410082833809
  ],
  "val_loss": [
    0.17442131427447863,
    0.11921065878154141,
    0.1521700770471351,
    0.16114227219060287,
    0.47463904497818477,
    0.10639004084827357,
    0.08384187137459301,
    0.1477315243759592,
    0.12741161094433204,
    0.09400117562311035,
    0.10566632809717587,
    0.08946534059251525,
    0.09458308195958041,
    0.08340424886866613,
    0.16552606039060178,
    0.1415428685497427,
    0.5942329402907265,
    0.08033212403242881,
    0.11174063952985641,
    0.07260199842400154,
    0.09169994860472397,
    0.10597069007430057,
    0.09704146734706613,
    0.11139868833589132,
    0.09191905782793132,
    0.08711969902507677,
    0.10007869797944459,
    0.1002962056480095,
    0.10696788289550598,
    0.10928089496918557,
    0.10369318604273929,
    0.07324021180679036,
    0.11993648530844928,
    0.12514864059188635,
    0.074439183470968,
    0.12389855556040753,
    0.088334434274173,
    0.17639657887062665,
    0.11516096369167658,
    0.10841843139359372,
    0.09725209706000756,
    0.152670403452031,
    0.09833375031573352,
    0.10124610580065552,
    0.09435291357136105,
    0.12152825982250189,
    0.08791629197558941,
    0.08621688595291616,
    0.12062405946002072,
    0.0908019939364331,
    0.1271196222839166,
    0.1125567341049424
  ],
  "train_f1": [
    0.3996922054065025,
    0.45672448854537107,
    0.4631251488119247,
    0.46497650658225276,
    0.4749271698130576,
    0.48802672697848914,
    0.48363078410546007,
    0.4889625946733201,
    0.5081289991576183,
    0.49835268269990607,
    0.5128164640285983,
    0.5150500498107888,
    0.5297108496150718,
    0.5355843310910335,
    0.5421495088565625,
    0.5416090711061481,
    0.5526227783582187,
    0.5520976132720056,
    0.5597563714533059,
    0.5661490094296242,
    0.5765534511982111,
    0.5750817238045024,
    0.5779316635796757,
    0.5836588897636087,
    0.5885994577002599,
    0.5782395317617077,
    0.5857278055535087,
    0.595451140751238,
    0.5925241874592615,
    0.5931594860515077,
    0.6157402754504616,
    0.605824022475955,
    0.61491746056873,
    0.6095803020619773,
    0.6102041325487793,
    0.6190267943717457,
    0.6167790604368838,
    0.6272364059548587,
    0.6293477917687157,
    0.6272916928101686,
    0.6389602084735515,
    0.6371452009934817,
    0.6369572560568407,
    0.6340487369806536,
    0.6422636039530611,
    0.6446900561731155,
    0.6562970257101957,
    0.644040225116982,
    0.6581952548343148,
    0.6641865285357726,
    0.6606991385416701,
    0.6594543904907871
  ],
  "val_f1": [
    0.48791477292143376,
    0.5950163044895791,
    0.6122430894989823,
    0.5847419363535844,
    0.6096252815835941,
    0.6617244456229258,
    0.6407981508522103,
    0.6011450805422351,
    0.5692088171153584,
    0.6592403671126572,
    0.6360350652618887,
    0.6512457210977061,
    0.6789603051447334,
    0.6794067414694527,
    0.6436784182745703,
    0.6256027103155672,
    0.6402180106216815,
    0.6588300159244197,
    0.6493496921726409,
    0.7048788324943972,
    0.6587659346700091,
    0.6536159657493099,
    0.6521170764584404,
    0.6421452652252474,
    0.6729431166728873,
    0.713872907282123,
    0.6766713322158578,
    0.6761497248458349,
    0.6556525103255577,
    0.6780746174659099,
    0.6573916250341255,
    0.7471813537030695,
    0.6384807640622183,
    0.6615130073402374,
    0.7417951405044214,
    0.6586946392370534,
    0.7197824077893203,
    0.6205743510705617,
    0.6739170766826446,
    0.6701627315625431,
    0.7428061906542552,
    0.6487384522352562,
    0.6840488753223551,
    0.7024167741782832,
    0.7231744687734764,
    0.6718917874932228,
    0.7264138494268334,
    0.7196930852962748,
    0.6908487286782803,
    0.718969916380636,
    0.6651846809481785,
    0.7017930483761339
  ]
}